Q_mAh_gS,c_mol_m3
9.744779582366588144e+00,5.970588235294118249e+02
1.299303944315545145e+01,5.901960784313724844e+02
1.624129930394431653e+01,5.856209150326797044e+02
1.948955916473317629e+01,5.787581699346404775e+02
2.273781902552203960e+01,5.741830065359476976e+02
2.598607888631090290e+01,5.696078431372549176e+02
2.923433874709976621e+01,5.650326797385621376e+02
3.248259860788863307e+01,5.627450980392156907e+02
3.573085846867748927e+01,5.581699346405229107e+02
3.897911832946635258e+01,5.513071895424836839e+02
4.222737819025521588e+01,5.467320261437907902e+02
4.547563805104407919e+01,5.444444444444443434e+02
4.872389791183294250e+01,5.375816993464052302e+02
5.197215777262180580e+01,5.330065359477123366e+02
5.522041763341066911e+01,5.238562091503267766e+02
5.846867749419953242e+01,5.238562091503267766e+02
6.171693735498839573e+01,5.169934640522876634e+02
6.496519721577726614e+01,5.147058823529412166e+02
6.821345707656612944e+01,5.101307189542484366e+02
7.146171693735497854e+01,5.055555555555556566e+02
7.470997679814384185e+01,5.009803921568626492e+02
7.795823665893270515e+01,4.964052287581698693e+02
8.120649651972156846e+01,4.872549019607843093e+02
8.445475638051043177e+01,4.872549019607843093e+02
8.770301624129929507e+01,4.803921568627450824e+02
9.095127610208815838e+01,4.735294117647058556e+02
9.419953596287702169e+01,4.735294117647058556e+02
9.744779582366588500e+01,4.643790849673202956e+02
1.006960556844547483e+02,4.598039215686275156e+02
1.039443155452436116e+02,4.575163398692809551e+02
1.071925754060324749e+02,4.529411764705881751e+02
1.104408352668213382e+02,4.460784313725489483e+02
1.136890951276102015e+02,4.437908496732026151e+02
1.169373549883990648e+02,4.392156862745098351e+02
1.201856148491879281e+02,4.323529411764706083e+02
1.234338747099767915e+02,4.277777777777778283e+02
1.266821345707656548e+02,4.232026143790850483e+02
1.299303944315545323e+02,4.186274509803922683e+02
1.331786542923433956e+02,4.140522875816992610e+02
1.364269141531322589e+02,4.094771241830064810e+02
1.396751740139210938e+02,4.049019607843137010e+02
1.429234338747099571e+02,4.003267973856209210e+02
1.461716937354988204e+02,3.957516339869281410e+02
1.494199535962876837e+02,3.911764705882352473e+02
1.526682134570765470e+02,3.866013071895424673e+02
1.559164733178654103e+02,3.820261437908496873e+02
1.591647331786542736e+02,3.797385620915033542e+02
1.624129930394431369e+02,3.728758169934640136e+02
1.656612529002320002e+02,3.683006535947711200e+02
1.689095127610208635e+02,3.614379084967320068e+02
1.721577726218097268e+02,3.568627450980391131e+02
1.754060324825985901e+02,3.545751633986928937e+02
1.786542923433874819e+02,3.454248366013071063e+02
1.819025522041763168e+02,3.431372549019608869e+02
1.851508120649652085e+02,3.385620915032679932e+02
1.883990719257540434e+02,3.362745098039215463e+02
1.916473317865429351e+02,3.271241830065359864e+02
1.948955916473317700e+02,3.225490196078430927e+02
1.981438515081206617e+02,3.202614379084966458e+02
2.013921113689094966e+02,3.133986928104575327e+02
2.111368909512761149e+02,2.973856209150326322e+02
2.143851508120649498e+02,2.973856209150326322e+02
2.176334106728538416e+02,2.905228758169935190e+02
2.208816705336426764e+02,2.859477124183006254e+02
2.241299303944315682e+02,2.813725490196077317e+02
2.273781902552204031e+02,2.767973856209150654e+02
2.306264501160092948e+02,2.722222222222221717e+02
2.338747099767981297e+02,2.676470588235295054e+02
2.371229698375870214e+02,2.630718954248366117e+02
2.403712296983758563e+02,2.562091503267974986e+02
2.436194895591647480e+02,2.539215686274510517e+02
2.468677494199535829e+02,2.493464052287581580e+02
2.501160092807424746e+02,2.447712418300654917e+02
2.533642691415313095e+02,2.379084967320261512e+02
2.566125290023201728e+02,2.356209150326797044e+02
2.598607888631090646e+02,2.287581699346405912e+02
2.631090487238978994e+02,2.218954248366012507e+02
2.663573085846867912e+02,2.218954248366012507e+02
2.696055684454756260e+02,2.150326797385621376e+02
2.728538283062645178e+02,2.104575163398692439e+02
2.761020881670533527e+02,2.035947712418301307e+02
2.793503480278421875e+02,2.013071895424836839e+02
2.825986078886310793e+02,1.967320261437907902e+02
2.858468677494199142e+02,1.921568627450978965e+02
2.890951276102088059e+02,1.852941176470587834e+02
2.923433874709976408e+02,1.830065359477123366e+02
2.955916473317865325e+02,1.784313725490196703e+02
2.988399071925753674e+02,1.715686274509803297e+02
3.020881670533642591e+02,1.669934640522876634e+02
3.053364269141530940e+02,1.624183006535947698e+02
3.085846867749419857e+02,1.578431372549021035e+02
3.118329466357308206e+02,1.532679738562092098e+02
3.150812064965197123e+02,1.486928104575163161e+02
3.183294663573085472e+02,1.441176470588234224e+02
3.215777262180974390e+02,1.418300653594769756e+02
3.248259860788862738e+02,1.349673202614378624e+02
3.280742459396751656e+02,1.326797385620914156e+02
3.313225058004640005e+02,1.258169934640523024e+02
3.345707656612528922e+02,1.212418300653594088e+02
3.378190255220417271e+02,1.166666666666667425e+02
3.410672853828306188e+02,1.075163398692809551e+02
3.443155452436194537e+02,1.075163398692809551e+02
3.475638051044083454e+02,9.836601307189539511e+01
3.508120649651971803e+02,9.379084967320250144e+01
3.540603248259860720e+02,9.150326797385628197e+01
3.573085846867749638e+02,8.921568627450983513e+01
3.605568445475637986e+02,8.464052287581694145e+01
3.638051044083526335e+02,8.235294117647049461e+01
3.670533642691415253e+02,7.777777777777782831e+01
3.703016241299304170e+02,7.320261437908493463e+01
3.735498839907191950e+02,7.091503267973871516e+01
3.767981438515080868e+02,7.091503267973871516e+01
3.800464037122969785e+02,6.633986928104582148e+01
3.832946635730858702e+02,6.405228758169937464e+01
3.962877030162413234e+02,5.032679738562092098e+01
3.995359628770301015e+02,5.032679738562092098e+01
4.027842227378189932e+02,4.575163398692802730e+01
4.060324825986078849e+02,4.346405228758180783e+01
4.092807424593967767e+02,4.117647058823536099e+01
4.125290023201855547e+02,3.888888888888891415e+01
4.157772621809744464e+02,3.660130718954246731e+01
4.190255220417633382e+02,3.660130718954246731e+01
4.222737819025522299e+02,3.202614379084980101e+01
4.255220417633410079e+02,3.202614379084980101e+01
4.287703016241298997e+02,2.973856209150335417e+01
4.320185614849187914e+02,2.745098039215690733e+01
4.352668213457076831e+02,2.745098039215690733e+01
4.385150812064964612e+02,2.287581699346401365e+01
4.417633410672853529e+02,2.058823529411756681e+01
4.450116009280742446e+02,2.058823529411756681e+01
4.482598607888631363e+02,1.830065359477111997e+01
4.515081206496519144e+02,1.830065359477111997e+01
4.547563805104408061e+02,1.601307189542467313e+01
4.580046403712296978e+02,1.372549019607845366e+01
4.612529002320185896e+02,1.372549019607845366e+01
