Q_mAh_gS,V
8.955223880597014130e+00,2.226708074534161419e+00
1.194029850746268551e+01,2.229813664596273171e+00
1.492537313432835866e+01,2.229813664596273171e+00
1.791044776119402826e+01,2.226708074534161419e+00
2.089552238805969964e+01,2.223602484472049667e+00
2.388059701492537101e+01,2.220496894409937916e+00
2.686567164179104594e+01,2.220496894409937916e+00
2.985074626865671732e+01,2.217391304347826164e+00
3.582089552238805652e+01,2.211180124223602661e+00
4.179104477611939927e+01,2.204968944099379158e+00
4.477611940298507420e+01,2.204968944099379158e+00
4.776119402985074203e+01,2.201863354037266962e+00
5.074626865671641696e+01,2.201863354037266962e+00
5.373134328358209189e+01,2.201863354037266962e+00
5.671641791044775971e+01,2.195652173913043459e+00
5.970149253731343464e+01,2.192546583850931707e+00
7.761194029850746290e+01,2.180124223602484257e+00
8.059701492537313072e+01,2.180124223602484257e+00
8.358208955223879855e+01,2.173913043478260754e+00
9.552238805970148405e+01,2.164596273291925499e+00
9.850746268656716609e+01,2.161490683229813747e+00
1.014925373134328339e+02,2.161490683229813747e+00
1.074626865671641838e+02,2.155279503105590244e+00
1.104477611940298516e+02,2.152173913043478493e+00
1.134328358208955194e+02,2.152173913043478493e+00
1.164179104477611872e+02,2.152173913043478493e+00
1.194029850746268693e+02,2.149068322981366297e+00
1.223880597014925371e+02,2.142857142857142794e+00
1.253731343283582049e+02,2.142857142857142794e+00
1.283582089552238870e+02,2.139751552795031042e+00
1.313432835820895548e+02,2.133540372670807539e+00
1.343283582089552226e+02,2.133540372670807539e+00
1.373134328358208904e+02,2.130434782608695787e+00
1.701492537313432649e+02,2.105590062111801331e+00
1.731343283582089612e+02,2.105590062111801331e+00
1.761194029850746290e+02,2.099378881987577827e+00
1.791044776119402968e+02,2.099378881987577827e+00
1.820895522388059646e+02,2.096273291925466076e+00
1.850746268656716325e+02,2.093167701863353880e+00
1.880597014925373003e+02,2.090062111801242128e+00
1.910447761194029681e+02,2.086956521739130377e+00
1.940298507462686644e+02,2.083850931677018625e+00
1.970149253731343322e+02,2.083850931677018625e+00
2.000000000000000000e+02,2.080745341614906874e+00
2.059701492537313356e+02,2.074534161490683370e+00
2.119402985074626997e+02,2.068322981366459423e+00
2.417910447761194064e+02,2.043478260869565410e+00
2.447761194029850742e+02,2.043478260869565410e+00
2.477611940298507420e+02,2.040372670807453659e+00
2.507462686567164099e+02,2.037267080745341463e+00
2.537313432835820777e+02,2.034161490683229712e+00
2.567164179104477739e+02,2.034161490683229712e+00
2.597014925373134702e+02,2.031055900621117960e+00
2.626865671641791096e+02,2.024844720496894457e+00
2.656716417910448058e+02,2.024844720496894457e+00
2.716417910447761415e+02,2.015527950310558758e+00
2.746268656716417809e+02,2.015527950310558758e+00
2.776119402985074771e+02,2.015527950310558758e+00
2.805970149253731165e+02,2.012422360248447006e+00
2.835820895522388128e+02,2.006211180124223503e+00
2.865671641791044522e+02,2.006211180124223503e+00
2.895522388059701484e+02,2.000000000000000000e+00
2.925373134328357878e+02,1.996894409937888248e+00
2.955223880597014841e+02,1.996894409937888248e+00
2.985074626865671235e+02,1.993788819875776497e+00
3.044776119402985159e+02,1.987577639751552772e+00
3.074626865671642122e+02,1.984472049689441020e+00
3.104477611940298516e+02,1.981366459627329268e+00
3.134328358208955478e+02,1.981366459627329268e+00
3.164179104477611872e+02,1.975155279503105543e+00
3.194029850746268835e+02,1.975155279503105543e+00
3.522388059701492580e+02,1.956521739130434812e+00
3.552238805970149542e+02,1.956521739130434812e+00
3.582089552238805936e+02,1.953416149068323060e+00
3.611940298507462899e+02,1.953416149068323060e+00
3.641791044776119293e+02,1.950310559006211086e+00
3.671641791044776255e+02,1.950310559006211086e+00
3.701492537313432649e+02,1.947204968944099335e+00
3.731343283582089612e+02,1.947204968944099335e+00
3.761194029850746006e+02,1.947204968944099335e+00
3.791044776119402968e+02,1.944099378881987583e+00
3.820895522388059362e+02,1.944099378881987583e+00
3.850746268656716325e+02,1.944099378881987583e+00
3.940298507462686644e+02,1.937888198757764080e+00
3.970149253731343038e+02,1.937888198757764080e+00
4.059701492537313356e+02,1.931677018633540355e+00
4.089552238805969751e+02,1.931677018633540355e+00
4.119402985074626713e+02,1.931677018633540355e+00
4.149253731343283107e+02,1.931677018633540355e+00
4.179104477611940069e+02,1.928571428571428603e+00
4.208955223880597600e+02,1.928571428571428603e+00
4.238805970149253994e+02,1.928571428571428603e+00
4.268656716417910957e+02,1.928571428571428603e+00
4.298507462686567351e+02,1.922360248447204878e+00
4.328358208955224313e+02,1.922360248447204878e+00
4.358208955223880707e+02,1.919254658385093126e+00
4.388059701492537670e+02,1.919254658385093126e+00
4.417910447761194064e+02,1.919254658385093126e+00
4.447761194029851026e+02,1.916149068322981375e+00
4.477611940298507420e+02,1.913043478260869623e+00
4.507462686567164383e+02,1.913043478260869623e+00
4.537313432835820777e+02,1.913043478260869623e+00
4.567164179104477739e+02,1.913043478260869623e+00
4.597014925373134133e+02,1.913043478260869623e+00
4.656716417910447490e+02,1.906832298136645898e+00
4.686567164179104452e+02,1.906832298136645898e+00
4.716417910447761415e+02,1.906832298136645898e+00
4.746268656716417809e+02,1.903726708074534146e+00
4.776119402985074771e+02,1.900621118012422395e+00
4.805970149253731165e+02,1.897515527950310643e+00
4.835820895522388128e+02,1.897515527950310643e+00
4.865671641791044522e+02,1.894409937888198669e+00
4.895522388059701484e+02,1.888198757763975166e+00
4.925373134328357878e+02,1.888198757763975166e+00
4.955223880597014841e+02,1.888198757763975166e+00
4.985074626865671235e+02,1.881987577639751663e+00
5.014925373134328197e+02,1.878881987577639689e+00
5.044776119402984591e+02,1.872670807453416186e+00
5.074626865671641553e+02,1.869565217391304435e+00
5.104477611940297948e+02,1.866459627329192461e+00
5.134328358208955478e+02,1.866459627329192461e+00
5.164179104477611872e+02,1.860248447204968958e+00
5.194029850746269403e+02,1.860248447204968958e+00
5.223880597014925797e+02,1.857142857142857206e+00
5.313432835820896116e+02,1.850931677018633481e+00
5.343283582089552510e+02,1.850931677018633481e+00
5.373134328358208904e+02,1.847826086956521729e+00
5.402985074626865298e+02,1.844720496894409978e+00
5.432835820895522829e+02,1.844720496894409978e+00
5.552238805970149542e+02,1.832298136645962749e+00
5.582089552238805936e+02,1.832298136645962749e+00
5.641791044776119861e+02,1.826086956521739024e+00
5.761194029850746574e+02,1.819875776397515521e+00
5.791044776119402968e+02,1.813664596273292018e+00
5.820895522388059362e+02,1.810559006211180044e+00
5.850746268656715756e+02,1.810559006211180044e+00
5.880597014925373287e+02,1.807453416149068293e+00
5.910447761194029681e+02,1.807453416149068293e+00
5.970149253731342469e+02,1.801242236024844789e+00
6.029850746268656394e+02,1.795031055900621064e+00
6.059701492537312788e+02,1.795031055900621064e+00
6.089552238805970319e+02,1.791925465838509313e+00
6.208955223880597032e+02,1.779503105590062084e+00
6.238805970149253426e+02,1.776397515527950333e+00
6.268656716417910957e+02,1.776397515527950333e+00
6.298507462686567351e+02,1.776397515527950333e+00
6.388059701492537670e+02,1.770186335403726607e+00
6.567164179104477171e+02,1.751552795031055876e+00
6.597014925373134702e+02,1.751552795031055876e+00
6.626865671641791096e+02,1.751552795031055876e+00
6.656716417910447490e+02,1.745341614906832373e+00
6.686567164179103884e+02,1.745341614906832373e+00
6.716417910447761415e+02,1.742236024844720399e+00
6.746268656716417809e+02,1.742236024844720399e+00
6.865671641791044522e+02,1.729813664596273393e+00
6.895522388059700916e+02,1.723602484472049667e+00
6.925373134328358447e+02,1.723602484472049667e+00
6.955223880597014841e+02,1.720496894409937916e+00
7.044776119402985159e+02,1.714285714285714191e+00
7.074626865671641553e+02,1.714285714285714191e+00
7.104477611940299084e+02,1.708074534161490687e+00
7.134328358208954342e+02,1.708074534161490687e+00
7.164179104477611872e+02,1.704968944099378936e+00
7.194029850746268266e+02,1.701863354037267184e+00
7.223880597014925797e+02,1.701863354037267184e+00
7.253731343283581054e+02,1.695652173913043459e+00
7.522388059701492011e+02,1.683229813664596231e+00
7.552238805970149542e+02,1.683229813664596231e+00
7.582089552238805936e+02,1.683229813664596231e+00
7.611940298507463467e+02,1.680124223602484479e+00
7.641791044776118724e+02,1.677018633540372727e+00
7.671641791044776255e+02,1.677018633540372727e+00
7.701492537313432649e+02,1.677018633540372727e+00
7.731343283582090180e+02,1.673913043478260976e+00
7.761194029850746574e+02,1.673913043478260976e+00
7.791044776119402968e+02,1.673913043478260976e+00
7.820895522388059362e+02,1.673913043478260976e+00
7.850746268656716893e+02,1.673913043478260976e+00
7.880597014925373287e+02,1.673913043478260976e+00
7.910447761194030818e+02,1.670807453416149002e+00
7.940298507462686075e+02,1.670807453416149002e+00
8.059701492537312788e+02,1.670807453416149002e+00
8.089552238805970319e+02,1.664596273291925499e+00
8.328358208955223745e+02,1.658385093167701774e+00
8.417910447761195201e+02,1.655279503105590022e+00
8.447761194029850458e+02,1.652173913043478271e+00
8.477611940298507989e+02,1.649068322981366519e+00
8.507462686567164383e+02,1.649068322981366519e+00
8.537313432835821914e+02,1.645962732919254767e+00
8.567164179104477171e+02,1.642857142857142794e+00
8.597014925373134702e+02,1.639751552795031042e+00
8.776119402985075340e+02,1.633540372670807539e+00
8.805970149253730597e+02,1.633540372670807539e+00
8.835820895522388128e+02,1.630434782608695565e+00
8.865671641791044522e+02,1.627329192546583814e+00
8.895522388059702052e+02,1.624223602484472062e+00
8.925373134328357310e+02,1.621118012422360311e+00
8.955223880597014841e+02,1.618012422360248337e+00
8.985074626865671235e+02,1.614906832298136585e+00
9.014925373134328765e+02,1.614906832298136585e+00
9.044776119402984023e+02,1.608695652173913082e+00
9.164179104477611872e+02,1.590062111801242128e+00
9.194029850746268266e+02,1.583850931677018625e+00
9.223880597014924660e+02,1.577639751552795122e+00
9.253731343283582191e+02,1.571428571428571397e+00
9.343283582089552510e+02,1.552795031055900665e+00
9.373134328358208904e+02,1.555900621118012417e+00
9.402985074626866435e+02,1.546583850931676940e+00
9.432835820895522829e+02,1.540372670807453437e+00
9.611940298507462330e+02,1.509316770186335477e+00
9.641791044776119861e+02,1.509316770186335477e+00
9.671641791044776255e+02,1.506211180124223503e+00
9.701492537313433786e+02,1.503105590062111752e+00
9.761194029850746574e+02,1.490683229813664523e+00
9.791044776119402968e+02,1.484472049689441020e+00
9.820895522388060499e+02,1.481366459627329268e+00
9.850746268656715756e+02,1.475155279503105543e+00
9.880597014925373287e+02,1.472049689440993792e+00
9.910447761194029681e+02,1.465838509316770288e+00
9.940298507462687212e+02,1.462732919254658315e+00
9.970149253731342469e+02,1.456521739130434812e+00
1.000000000000000000e+03,1.450310559006211086e+00
1.002985074626865639e+03,1.447204968944099335e+00
1.011940298507462671e+03,1.434782608695652106e+00
1.014925373134328311e+03,1.428571428571428603e+00
1.017910447761194064e+03,1.425465838509316852e+00
1.020895522388059590e+03,1.419254658385093126e+00
1.026865671641791096e+03,1.409937888198757872e+00
1.029850746268656621e+03,1.403726708074534146e+00
1.032835820895522374e+03,1.400621118012422395e+00
1.035820895522388128e+03,1.394409937888198669e+00
1.038805970149253881e+03,1.391304347826086918e+00
1.041791044776119406e+03,1.385093167701863415e+00
1.044776119402985159e+03,1.381987577639751663e+00
1.047761194029850685e+03,1.375776397515527938e+00
1.050746268656716438e+03,1.366459627329192461e+00
1.053731343283581964e+03,1.366459627329192461e+00
1.074626865671641781e+03,1.329192546583850998e+00
1.077611940298507307e+03,1.329192546583850998e+00
1.080597014925373060e+03,1.319875776397515521e+00
1.083582089552238813e+03,1.313664596273292018e+00
1.086567164179104566e+03,1.313664596273292018e+00
1.089552238805970092e+03,1.304347826086956541e+00
1.092537313432835845e+03,1.298136645962732816e+00
1.095522388059701370e+03,1.298136645962732816e+00
1.098507462686567123e+03,1.291925465838509313e+00
1.101492537313432877e+03,1.282608695652173836e+00
1.104477611940298630e+03,1.282608695652173836e+00
1.110447761194029908e+03,1.270186335403726607e+00
1.113432835820895434e+03,1.263975155279503104e+00
1.116417910447761187e+03,1.257763975155279601e+00
1.119402985074626713e+03,1.254658385093167627e+00
1.122388059701492466e+03,1.248447204968944124e+00
1.125373134328358219e+03,1.245341614906832373e+00
1.128358208955223972e+03,1.239130434782608647e+00
1.140298507462686530e+03,1.220496894409937916e+00
1.143283582089552283e+03,1.214285714285714191e+00
1.146268656716417809e+03,1.208074534161490687e+00
1.149253731343283562e+03,1.201863354037267184e+00
1.152238805970149315e+03,1.198757763975155211e+00
1.161194029850746347e+03,1.183229813664596231e+00
1.164179104477611872e+03,1.177018633540372727e+00
1.167164179104477626e+03,1.167701863354037251e+00
1.176119402985074657e+03,1.152173913043478271e+00
1.179104477611940410e+03,1.145962732919254767e+00
1.182089552238805936e+03,1.142857142857142794e+00
1.185074626865671689e+03,1.136645962732919291e+00
1.188059701492537215e+03,1.130434782608695565e+00
1.197014925373134247e+03,1.111801242236024834e+00
1.200000000000000000e+03,1.108695652173913082e+00
1.202985074626865753e+03,1.102484472049689357e+00
1.205970149253731279e+03,1.096273291925465854e+00
